username,name,password
Test9,Jessi,243262243132244c45716865523657457a644b537839317048522f6575336b797870677443304e5976514b7a37676478587152326278524954793671
test,test,243262243132244278362e51587571764c70757173794345474f4d3875526d4c585a72484d51555231385a724c506f454d786d614663524145663361
test1,test,243262243132244d727a7a644f3752515a4f432e446452505157344565504774474c5836522f7646394d695569625a4f78304b77644562386c424e4f
Test8,Jessi,243262243132242f635639336a496875474d335935775062704e446c2e4930324e4d4132614430304253474178657451674e796869396e6e6777762e
jessica,jessica 1,24326224313224627a30744d4562676e2f6d443478396b6f36677565656331512e4b7963593433447831375a3371733636793031686c476c61376e71
jessi,jessi,2432622431322468703567734579452f42724e55693672306a2f6734654f4878476158792e4e382e534f42724a484d736565576e6c575a346c74474f
 jessi1,jessi1,243262243132244a576463514f3762374a2e752e444f4a6e6c32302f2e554d386a526c45344c676e507657783179682e476a5971636b386a456a3053
Test4,jessi,2432622431322432436c4c456a33366478493137702e57435a676b4f755938446b2e44416e55524e77506a6668596e5a56556732624b4a456d50786d
Test5,Ello,2432622431322453696138707366316e63444262563350744b78566c4f7939364864526e4d7153443049724f616f4b674a30506d5274774f2e57486d
Test6,Test6,2432622431322450314e5557426c334648706865625a55494a6c31664f742f4a53394261767a6e746a5874467a6f305a6d484e472f6d2f5767343747
Test11,ledn,2432622431322433314d4f4b513943704b6349766b6c545a575332422e7361433439776d726c71674d35534356304e71475561577735543735584a4b
Test12,Lol,24326224313224684d685041484d6f593659742e72717956456b6d344f34526a6672594330557135706a74634e7358417a536b364e67387433797732
